0x45930b5ed0a2c9c45c8ee3aa08e1d3137906040a29ba7b0f6ac92814ceb51523,
0x8ed3de9a43b5ee1e7ea5d75173b600c93c81387c1d4e6bfbe19cbdf203c13e87,
0x5f56981673cff95b68d23be20230b12c6e1ae5c3fb9f22bb8710df63935d2002,
0x48fe138edfdf1952fcd5339dde742afbb8d02618ac4368b990b6a55154ea5707,
0x90462df77d612839dfeb118d60691bf35a73df42961aad9d52d2a5cb933a2235,
0x972dafe321aa6e1aa0db59d6e107f88e6a3ee65c7d3cb825188d7ea8006f84d8,
0xc52586aa6c411fb15791f921b4e0b8dade852bd962a89d7f95904dc18aff0f75,
0xa89cf62b8acd1c4fbf54a93b397370c144c6b044ef987172f677185a321c9d37,
0xcbde15ff0aaaaf39d0bff1b7212fe2e179ae0d8d97d04a683a82269177426c8a,
0x0ee0b101be3de5d0da4b990c1c94e2ebfb6a464a805ac4a3065b80079f155a44,
0x2c0ca4c61f351d8662be2a7063ce8cfb64bab577c189eb39d129353c9538bc1d,
0xfefd81d3b7bf7b55f278d61a27e8f45550063eadc3295e10cccef1fe7a393f5c,
0x863b1bc9ddce4e49fa5aee8c41819b5d254aef000523710f0421f46cd21c9c07,
0x6eb9f0b60a35a06e3fdce27b143692bed3bff82a57da5e7b8d2ab5c11103375f,
0xb26498fad9d606660d151cea9c061bd9703a8c25af9a3e853a2ec5e486fa869b,
0x72a37c346524633f2b76922f829e44a8cbc994176774c9cc4cfce504b974f060,
0x52506260eaff14c3e514e646c3f84d691fb16d0c29a1734ca989a811351a12e7,
0xc8a6f411a71bdbb5fb0cbd1f186b8a1412bcecc7d0b3cdac4f85c0209ad1f907,
0x79795f4e91d457c177a07edaeef44ae574a5b910853f693acb50488a7794a58d,
0xd16b0339d1d596619de8009c784f0951fb00fe641d3c1b9bbfdb30a97e025cb4,
0x5ba99b7f54eadd1f0c04099c0bc3a9cd3a1f96f9d16435b2376966125b7c8b7f,
0x402ead81e2eef7b159d4850816dbc09257331956d82590cd905cf9a3c5fe99fe,
0x36a6fdd13911eb20414e0c4d913396254474fa987b465634407607e3dcfd330e,
0x867c5ad148d4ace020b322cfbd0ada0f342f48208cedf56419953c0ebfe203c0,
0x08866ca24c1549c6243ba984fea42beaa2e653141492fdce4f608254fd179a03,
0x7d8a7dd538b8fc82160a62d4b741848541b8edebf76c229133f5e04c3d96373c,
0x9cc69b2bc08063da3d201ccbe1a054ea07e423a2b9de599223768b6b89f77c9e,
0xc4a68e27dc3f7db0e6e9ebd7fc678a344c22490229bff555d088d491628a2ca4,
0x00aeea040205c5ce46f385fba012f5c042b615c819161e4f3189af7d8ab5826e,
0xd0270cf5716c8855119d491436526f5679b908e8799793b91247337f285c7737,
0x9575ee8093561ec60b3c163aea3838187bacdd0951b7aeeddd4d5a1aecdd787e,
0x8a52d41c3b1eb4c929a246ac2e7a05511bfdba040014b57232a6884f497fb3b5,
0xaa1961dd049608f999fbde3de33e9475d6e30199d45dc67a32c9d748aad88edf,
0x64ee0a7eed52a55ce58d004f8faaf344b39b7d95ed8f47dc4a8d9691be6a60bb,
0x52a598c814f28a96a81c61951f536143c1b3a7dfcfefecd3363f61fff89a0f85,
0x3a55154eab68e1f88d0633c1388904157ca046d9d9800ef908ff109718ac0192,
0x2e96b9e1c1d0c49f3ea7333a6cf3e8353dc8df22d7a5589b593f9c7e2d2a8262,
0x130e777c9ce20ad487d208b9f9ee540f181e00bb8a580694a61f549631eb21b2,
0xfe4970421a7e42b578de41bc43ad0f200f3cb6395674535056880a8fd299c5f9,
0xe9dc9f51ef7a402d4149dc74416fbf67927c734cf98f8f572dcee23c2bcb3400,
0xd67122ca9c25098ac707ea98265089aab36528af34d7a325b63f78f2c3f9a749,
0xcb18136bfda8a62f4e61b00abde2a5cd89aba1c873811683ae8e53150c870b82,
0xdd17c17c81b7e1125163ae14af6e9823da727b787989bc1b114ce57417532528,
0xc1888bd5b5afa9911802d35741bb273898c08ff729f5e9d67a5924d174947e9e,
0xf0ebb919b9337f291891aa5b0b900e1e0e6e79181bea853a91e49bb7c816c59c,
0xf5fe2616ce5eb69c7f1cc783185d8b9018b54872ca288743e659cd1402b5f3b4,
0x67fb07871cd9d68db6035715cc9121f2bb341bfb97aea6d088f8aa96ee2ea6ff,
0x43096c191f1b6d16a62d22feab8210c62426a8120c8d3579a2d62cb1e1e65436,
0xeda526ae883afcfd45a7cea443fe0b86726bde7ca0c9414b6746efa1b73167bc,
0xd150ca44b9516638511a8d110627c08d3170d917b7b845749b5614762976a1d6,
0xd96b1d42a5e873b71c3098cf769dbb93eeca57740c139b93ab4852381f769eca,
0x4ee89a29ac84e1b17ddfe0c2e992d54cc996cfae382c4da235410dadc7510ddf,
0x25535fc35c287e8d9a078dd5279aeb2fc4584ae3a8acb42bbcd726cd290e4d6f,
0x97c6f2561291ff45224ead4fe1ca2221cb0454382a125247a9dc51b957632970,
0xc4ad6d9b63b94511292464cc0561d5e0cd4b81112cc430bd6f4184a0a5592a82,
0x40f9893ca323f208b87ad88dc95e1fea1888b2d26ff4cabc5bcc5a960c499ffe,
0xba40e02c7776af4543ae54708121d264f7610556943259c89d1770002bda1e12,
0x3366c59741ad6d04d5808b915b58aec7b01dfdb364fa389bfb9c1e878c1ef3aa,
0xeb808f03a5b3e3db4deb5cc05d45b3ed3c18bb386ddbc994bb8d42b7e4c760d7,
0xc120f9344e6680d07020be3008b10702e6aab1ca0393533c35cc9a950be3561e,
0x69c7bfbdc17244ec1a467ca40e7c93687be58041e569435dfd052420030c0e20,
0x487e0ebf1f2c8e898217e7984a3ca1828b3acc80bc9a32031a0ffb82c6841974,
0xecdbd191c4536ecbb102227b9729fd435012ed04e75263a4d3b042e1259edb9a,
0x0807330e609d39abc1ce7ad5eaee7f30dcbbcac8277dd50af01a4dc2cad002e4,
0x9e4028f0689246a3cb9d5b2a0042967fa3b2d64b8ca8b1490830a4acf1993f75,
0x0e7e469f9a454da69e1948afaa5159aeb1c05f642fab8c0f44e03dfa83193f30,
0x620b4dfe77e0c3b48a3f374618bbad69c74f5a1b8273254641c8ba932473b409,
0xd51fab62ff57d8fa25d9dd10284382076706e01e0a8dd02a3741191b60ba16f4,
0x8ec6ffdd7c177586efa90f353246cd89b0bb5c46ac12687db3155b81ac6cd237,
0x1a1e37b791acb8f440ecaa180306a4deca1d25ef300e31b519a4ae9d2eca88ba,
0xbc97185a144ee8a38945259c71c571454aa6ec1060ccc377d70bdc6a60bc995d,
0x18e028cdfa15908fe766f1022254bc8cc5ed5538bd90bc4a550e0a0db945755e,
0x050c769173352e964e41f1138a15588e8ef7e16857134066caa40655efddfce2,
0x74ad9179e1b5de591d6b466a9530d4ddd78070807728b855a8567f7dbfda8c73,
0x84e0d535739b839325b424cb78d0c60567171e25d0ded0e267a1e79cdfa56873,
0x4e790f908899a1a1afa796867dd38796304dbd94c270b832f7dcd26ba6630479,
0xe1293753f6fb56755bb906be3c55210c4eb9644faf1127b5d4ddde7fbbdc031c,
0x83d124d4184d4208ffc10b4bb38cb08cbb9ab4fea9cb91027a858ded613713a8,
0x75f51c18bbaf42de4efb8153c930231f9b6c66873a2bbde5ae06e6636eb6ee30,
0xc73742aa4a2b1e0a4be9990f964e9db3a7e50a46a240f88ded7af48ddadc3bfe,
0xaceb7a5b0a1ce06be0dfa882f15644cf3458f19214604392ec7c6b97868e444d,
0x671833df3eb2e0d7df590a69829cef0d906ae2d4b1c8d589ea62d060a527e086,
0x441393f409185125dbfbbcd1c7a5624c850897035e527c89fdca580f83e4dc0a,
0x7cf20e7fd692682c2fc961c488998d7da3527c153246bc00272a1a4173683d9b,
0xf6c20df3c607824e394f92cf87d85b97d2517a855c7ac6b5288491d1a5311cbe,
0x12006c9e3410104f83b6a641bf2d206f396360baa4a84d1a5b0405bbd4d2a008,
0x204adf4362ab070a96394d0badfb20d94bc2d2af9a6c28bed46921696eac9994,
0xb9ecb32a75a9925627801875a257e249535f80eb8863fd129cbb7fd2ee2c6bff,
0x80d95782658d107ddac581933ab15e632de3e5370c78227d8c4121612f0f3cf1,
0x54b98c9dfb2a8408a9299bcf3bf404ee34f7700b4312a4dbd39cc8f0e108c950,
0xa71df307e717c971de5dc28044fc83bd3e6e0dd0c364e4b646dff47a0da467b7,
0x322f37094c2ff29b528a639e37b762017f49a568cbec0dd2bd279124ef054323,
0x6cee28b469b0de17e2dd0fc67f913bcf3e6762d723f58dedba12a37d4cc1f87a,
0x43f51a5e645fdfef781b1e1be88c2aff5235628250ab23ae93e5fe46ea9f88ee,
0x349c030b4440896e612c5cc27c70735ef2ae4b41508945d7e0dfc8e0ab2e0cf8,
0x27058224e26a18fe1bc453a0caed62d2befdd47c9aa49530ee500834e637af09,
0x86b06bd9108ea01f4bf812b6c2283547c2b88e07881779230dea84ba937b28e4,
0x4f7201e9da394d714eefc64711b93beaa717794f9d56cd5172598da24d587bd4,
0x0ae0f5001e0d555df3f5327150cbfb9c9b7318a1128db9a541858179ab9d6e3f,
0xbbd89c9f412b4a7b0771657f5c16555aaf98494f6f0070a07bffdbef7fad322a,
0xef3d87329a44e70cfbec2506ac1720fac4001a0055ff86f71c0935d29e7b648c,
0x9d4920866be67590d0f7fa6e445b92c789670e53ce57ca05bee959596f09a41e,
0x35f182fb351d8bb8b70757ad9d1c18e08641316669dcc3143d5631a7753209df,
0x2c53f7a9a7e1f83a225f00244c1553ee5f77a0a71541ef5359261753f2537fae,
0xdcc9bda28ef27f228e8818b6f38e96ffaecb8fbe809af74b8aa1885245fd2dd1,
0xe8132a2d21ed55c3676691de326706026631723928397f8c06ee2337fceae828,
0xcf2e5fde0433c185e09cd621e786e30bde48244ee10c4e818ed5962139564052,
0xdb81f38f0f2ff86d888934d2c3e118da48fb6b8b0e3284b309f7148aebab498d,
0x9fd45a2721bf81cb03985858dd08927ec404c9f076c91daeedf1b96632fa546c,
0x905cf533e1462e750ec37c28154d93c4a0b7aba381c533f26bb5b732cfa5d6b5,
0xaa90efc68329439d2f317d1e966e778e163e8e5c1c68e0b9cb713774d02ee537,
0xe902a3eb01d0e3239c621fefa33f566b39ff2ef3a69e0e5066d516a2f38043ba,
0x24676ed5cad1ebf18f26f0940a532d845ba8633d0d1209c4b7576fbd587faa6b,
0xb011e8fc1054d49e713cb9a40785b12ef147d043acff6d6ab88837051b797484,
0x057ba9a225a2d79ef31b46d4f1437448961d9e5453ef53aa1b213e686b1709ae,
0x1a75cc346fbdccf191676c9b2321f52f86d74cc242049e8835d18dd2f5bdc1b9,
0xd6a2ad70263a7d0f07894f79a51b575dd0ad72383d6300fd9a8bc6d5645957f5,
0x2733284e7a576e78f263df7b1ed02e392ac2e4a07e53cb53b46aea8c3a5bacd4,
0xcac042ae1cd5efb9f7e13649ede59cf9510ffdb2ef7c6ed729df6aaf076b5f95,
0x6266fe0d12e7c4457572f467fe4a9180127c92ca74d7b6713d7173e2ca6f7652,
0xeaff7f20bd79e913cfdef8c77055a4161f2220ade7e8ccadc1e4360695e687bf,
0x7e93776b285e8d9a195672b2a7b8bc45202b4108969600fa8e3fe3187a6c6ade,
0x8974a5e0f028bde074d0d1654e4f491529e52e3ef61776afcc898271db2b84cb,
0xee54ecbc50e2c6d105c22808f64ec12c6fbd24e2d70011d073627ff791ad5a8d,
0xf5ab66b991565e850a1ece460cb3e8a21f8648be137015d60707b8d387c55647,
0xf31ff7b98dfb08a2a4a862d9371ae6a037b94a53a40c70a81339b65e686e1373,
0xb0ccb169970e637a93bc1ab7335833994411ec8e0840dc7732ebb4a8870f4e72,
0x312e616234aa0aa5cd73ff4e8413c52c97394360e3889059553b61872ee71ff8,
0x5fb6e6084820c7ebda32cc5a7139dd81e04b678285c78642fcbd0bfd3295c790,
0xfea66adabac7ef32bdc850bb0bdb3511514cd2514cc6a18537ccd02af09f8f1b,
0xc484eace6f3b96cb31273e6f1d8eb792b1dca6ee210b6015208d249d997c531f,
0x051773692459c42a7ee2d25926ef04d4d230a5b42e7914a8b69ac020bc966e2f,
0x6985b243e0efb7299593d5015108ded2e9d207c3f8cc9775d11852070053cb0a,
0x4271558d5490a4eb1f7860e3e66256b3ac0f692fbbbe4d36abc8a99b306eccbf,
0xc0e65e39ea90271fa545af93bde9628fd815fed76b1a48092b284498aa5f1092,
0x38b46a2f91655fc0838dfaeaa49f2a69361879e76057eb66c2e909e5df07b90f,
0x6a4210ba131d64242cb30c8f966a2b9f272a6abc128e594ba92cb2a3b39b7d6c,
0x0f5e7dec4cf3f0fa9f18aab014c6aa63e9933f0ba62f8380c9bb7ed29223dc17,
0xde70cbfed9d03375690bb101ced36482eec084f129fbb6553fa9b392e27ce014,
0xbf2f14a2ce1f030d10bbd55de3513b9195dcfe0a2245b461518b711adf45ccec,
0x74f0ef34f67ffff640e73e7137be6ce64945b1337754eab9c7655201381804ff,
0x176bca9d452f9830b4e11c78bc3c4766e17232546afcac2075c254d91ea83311,
0xd45f8f74d10706385a025f2250b2a53287e099c78bb04e734c95326a3b2a528a,
0x986b88bbafff69125764c388f58bb45053a281711f236d920bcff2a2f4787907,
0xe6741335d45d552156ccaf6b47358cb64cb96afe94ba132bc6b87469bf981972,
0x7f0efdf79f324f95fbfb34a3dcba580802884c6bd2914af08a2547ab8f867ab2,
0xea0c28b126c9fe5fc1f08aa64e808b4914fde4e843989e3a5f902e802020b05c,
0xccb09267bb57c406c237905f52399e6bfcd0776086e67094a498e0037315c875,
0x75106b6ada8776964392bf9a4db2b6837c5104ebfff61a37f56878b4b1ffcebf,
0x23807ef0f748f60832983117f520ea407727735aa1078f1874ab80637cbb1e78,
0x0c402020de44dce3e4712ff5cc6207bd5eb3fa55f442c8d77adb6956f571ae16,
0xdec5d69a63cff3b89021094a8c5625df712536994ed962c5054a978a67bab4b0,
0xab424eeb791f8fd8c5774c0ff7fc5822c2071c2b32c3cd6a08fecf9cf6393bb4,
0x8f9350fd1e407fa6e12f8a1af337fb17efb96e355d8662ad0cc62625971269b8,
0x562fc7c79d064e2bb0645f2b7bcc24cfd29ec4805d5cbc52d26b11d967f76904,
0x635c60441cf68f6d267bed88cede235020f274a96f5f9eff639c0f7a8d4d9efc,
0xa76a3ec25839432bda0f1ab9c6ad6e24d272bb916143374a25da7bec3022715b,
0x3313711c087aaae4995148d806770431b4d441fda36dee5b68fcb62ac791b0fd,
0x57d7717ac777ec52828ece1d0900e6573ba26f0e4b8f5aac64409a5b95ca467b,
0x2e5e265bca3098dca5bc13b1411a14839217ee526171ecb1edfd9e6f99bb06ee,
0x9d51861748d10b510af8442b851a99d00559b82801eef509a7aa216c1dac1682,
0xdbd40b8a36f2e0d5071e67f007d693b71809b73ed3dd41aece5763ef5350b29d,
0x44becc9fdd22763d3c19dabecc373f8ca0d1ee0c2f63f236fa6f39d785b74284,
0x586752c6a39290f133501be9324c51de5146980f739f10865d8485c3f4d279b9,
0x28e65419c5b6e588959ce003db0b6e9847382cc7a918a1c67f7a6abdf56dae3e,
0xa2a0cfa40f787274642d3a4ef2aab6d983baac769e0d54fcaaea3d6dc8cce442,
0x2a6eb6e1c0574a1b840ed7b905c099cb0e489c28ee59cab70dd1a7b0c7f9f183,
0x986bb2ca5dd306e1e66dc822410d37087d961110cbf171c5f3e3093e3b469d7b,
0x5e8dcfa2f660ec400a709afff70f365559e8f6b329a8f151776a84d302c20f83,
0x80e9779c7f6cadfd5397ae539cb59d0967df84e4146f32dcece370b71ee966dc,
0x8e2df9a87d03d981eedf25e38e54114523ebe80f53082e34de47dca01b8af4fb,
0x14d6bb3321956b4e9d80e72daf02d95d3f364687673dbd242a5811aea295ac2e,
0x04bc7012dd713c3095a6e0255147c95ffe4fabe8cd2d54847e16c3400751ada5,
0x5d4cb043ab092a6e792fe9ad9ca20b280973b38fc8b97fd25cd115dc822fe2f3,
0x6db02cffcf770e3d2c3f7215385128c23f847cb88d4815c9a61709bf4ea3c700,
0x721c3e44b354592a8be6477dbe23287d82dbf8580a126876aeafb60da554c25a,
0xfd29c32c1201fc282152247115e12fb8083636c38f1f647e6d755b142368ff30,
0x9a996d994316dfad07828e8ecf6ab25f8c51cc48b0f441fd1c706777888eb7c6,
0xe2ca4b085b13e97199d36228902a0f4309aa3df89469665ebd8aa599e664feda,
0x885475239de78429a3ee98b4ab127f00410b0ba9e5a3431a006b2a31ca0e16a6,
0xe8434b18430ad6e7057813ae6c003e967c51c6c053e94ad28890adca12c05961,
0xb62646363978d397641b7660c53b22089c80cfc4c9901b0e31f0e79092758849,
0x185cf2ff7b4be32a6d6645ba9a5314ad4a19e78135a86f72f785012a09dd7f47,
0xb1997e3e315c9a97597f09b5ff02b5182b482d27b56ac6226c920d8d0c712e8b,
0xb0804bfcdd470ea49c8d6efc98f84d08eb27ac151fad443e7890f568b4971dad,
0x7e153d79d5c4831082b90d757ff85765b9bbe8c6fff967049f141e3ce12684c5,
0xe2af90f33086684ea82fa94a0e8d1e6e57e6ebce28f5e4ee69433e9f8fb1479a,
0x500860006fb084d72359d4637e29b5cd6feb0683620310ffe9ae973386f028f4,
0xb90ba8047d64a4f15ba82ae710aaa5280a7bd10a5d9b7bce5e69a21a0387c484,
0xc2e783f93349a582f0f9114b7c0aa15d8d04a712a2c4256ed721a5595aa184a0,
0xc0b74666c2f73e13b57a0d358c1962aa61aee85cd5b879b3c005344c7d685ce0,
0xff77008d38234054dc79ce75c1ff149ed8faabfeaddb51cb436f66c9513256ef,
0x9e12d590ea86c41517f0299deffa10bb57c5b753e6ae6d39f0330ffc412cfeda,
0xcce3e4d480a19a5293455594cc94bcb8fb47c9e3b0b1726e9a8842bac1e88b21,
0x388c469037fdf382981b50a396005ca2024a6e8b85a34f06aa9c60f1e26406af,
0xd2ce74e56e7d9f46348d7b4786285d1bdd156e7ae78876b5dc09388941e448bc,
0x8678eeb6a9e3d46441c40f1225bd12c8f6cc76a2e5670e061f961cfa8f557e67,
0x6b3f9eb3c9885827627fe17549503abeeaf6b9a8c91a489e4819a4ff108428df,
0xca4b9ae615dc00ea6c286fcc97bb2c32f62a4f0566963cbff94912c3cca5003a,
0x13f709fe40f74dddb9fa7dd09bc6b9a925f86b0841efd448a1d636a3a74f85d2,
0xbd13e371bce99f22f89c8b05249076f887b8e23944712386e58b4f924566d247,
0x4f94aa12b491a6325b4041e5ed18acc6992dce127c29884261ae1d42b7997c81,
0xa20a45f50877fb924d53e2110e15b607662b333311b57a86adf2f4c1a1fe66d1,
0xb4659964e1b7d2142c42f19267faa75835d2fc898d8e1030dee0e11e696cee50,
0x25c56db6cadf167e26bd98e1a010ebcc5a7c0f61756e1d0ac2a84786e6cabf50,
0x94119f22a303dea97902dd1acdae37df5d42840e21154445c964e1b3aeac1269,
0x5e4591a4b24fade21c86b91e0e4dfe54ec4a36475a0abae47e87f72f56e2bf1a,
0xb4eeebed877a6a462634ff25abb778cbc731607b84654ba26ea8ce85331fe244,
0x5643c2e41da84ac577c037f61d80ef3265665693435e0c9f8f7ed9cdb3d087e3,
0xaf4942442418ce5a3041727cad246aa94206d5d6a75f788e9687122c9eb7a7af,
0x640cfdfecfa88fb44f0956347f18440a277067212b056744462c38ab24a5ad9b,
0x018fac3eb88af611931cb55577a7a2fa6766ce995a30cfff5cc89010c09cf11c,
0x75b4342f720e39b28855aa24cccacfe321a5a8e11ef50e9e5c6f820d3553ef68,
0xaaec5131ccb117057bd5da64023fde5a9fa5af39201399fa4e632a6791900c90,
0xc3faad7c34641c8b5d78a3428fea06385d57d19b804363903ad71e41b0f5c061,
0x448594bb3adcb21c87ed9a6bb6dd1921d257a7907f8f09abc347f3e20b6404d9,
0xae7b1031226950aad029305a846c59c2212c689812d8c96044b5dafa40c396d0,
0x5c1c9e9e1eef9536aec630c38f828b69410fede057be0f65c66231a3bec0dcb1,
0x095747ddc91e4adeb15ed336aada23ad0186217b976be687c66b869552f2207c,
0x60a514d73cb93f2f225d90787fd368f3cde437b90f11644013892fdf2d9d7b80,
0x1bd7b316f37404ede1bed11268e2234d7fe62b55a7a44468776b66276aad2588,
0xa78c6d07f3bf69f28daa92cb65c32f6c82fbb25bd324cc5aa36592a213be80ee,
0x2ddfc82865285cedb6471b4c5c1e08dd6c908deacebcc58310b9b3220950dbbd,
0x7530bdc3e41599d2aa763ac6a37c3b56baec1256e79f1c0a8a0444f1d98d327e,
0xf02a951801e297410801606326214997b92d8ab851e139de3351e82552881420,
0x029db02f61ddb038a3624cc565963a2d072a1d661ef1819466392b2c9e85e9e7,
0x149816daf3a229f57ec4b70c92abb06ce7c08296595558906d8bd395143a46e8,
0xdaa13281c6aa3155daa656fc9305026d93919dd282b11ebb8954d99cbc5e5e4b,
0xbb12fcfb09883cc2cdc00e6b5fea2732a69579efb610925877911fc3159f7e79,
0xf9f70a52c97e9659af0b569fc0ee8bb2aa8ec5d4f303eb0cb01380cb26a5a2cc,
0xca6bac2d971e4ff74a65a86961eb07c01f9481575741b4af5d9c996cfe6706d1,
0x1d9bb7bf90a94e9688b0e1962785dba4e4031974da49deb9b2bbee6b5c8c5694,
0x0952aad877cb4d92cdbfa9d8b13a451a524552deef0fd991f8c3509aa1651325,
0x929de9133956288acf3fafa6ee36a33b28ab1b44ede8a44a965e10f76c407efc,
0x7539e1843699681c5647a0bea631f5781044e06ed91f2d3e06bc1fa00e7eb318,
0x963f3ec37bb02646731896e1a92763b28410efafccb5fc85204331fa26c830f6,
0x776b3c998f09d907f4d9305e622a9410fd1f5b5a9e7742358a96f046dacd4c5e,
0xf406566993b8acb9211dfa72c5da538ac0e1d85557bb99a684b7e3572f903e29,
0x594305918d979fb6b2277a9e09c65185eed20c6236dc570be71d4c215ee92709,
0x4f23f6d3ffb878bcd3d36aaf598c75ac3537f45172a545e80bc9102de87ddc50,
0x29d546eb284e9d88265e5c191b64f28d5a2a7733d7de9a1faad55253e3d20ec1,
0x55821dd35a413cff0158c68c500a96e8c695c13ec2b57b790dbffa06605c0f96,
0x61bda8381a5788e09d991ea389608dc19ec7b17f84a9f8d8bb65db873acfa256,
0xa46606505117fb56da9e488b778408dc835ea24bae5d4d6a29150ef8aba43b9c,
0x65515587593147eeda5314d276ae1363fd445b8237023629dc68c219a3e8dac7,
0x969e488f33f88717ee5359c1be6fd4fec5d23f8e537b585fc01e63ef8652e439,
0xfb24704c019a781042351143cfcff1a132603248dc8f4499a4899f40aaf064b3,
0x97e78a91e768a66c190be20d4417b201ececbdc4301b0298311146fd9e2848b2,
0xd4e5423b94cdd852f755d2407495ec551050241c45b811154f00b716e1ba88be,
0x78d67515076233f2b59ed2eab47831f4364cabc943953057ac501739e7260aec,
0x873d8af4f7c174635e648c4977e25db8d2381a8caf1adc5e1c07fe1439133f60,
0xe52a084e93156812f5463630932480d5f6409036b1403650985dc2748ac875dd,
0x4b4f2124cd3f4b69019b4f01510b6aed609ff28d4e05cbfbae4762ffad7c63bc,
0x452b86700d7e24840f2559c7e4d3ddb776ab0e6f5eff6fdb5c73c2d54de31338,
0xe098d8431c0b696df45bc8db253128a06ac13c3118391ad52b60b9fbd08895e8,
0xdea10b8c3c870329dfec9f88a6d95e33ba7aa1916c0cca56e00d25164516c2b9,
0x2c6ca229be2e2b7a4f76c356914eaef7a595a68cec8461e4fb13c837a5b027b7,
0x920c469ca0a0e32bad29999dded9caa4d576d104e4139fe712bfcb6c97c88c4e,
0x9686b55ea7c91089689f68cf5fa505292d546ee3491d00e0f441261550cca361,
0x0556f83c13328ea231ec243bd619ab28e4907191cf25e6874475722d8ae0befe,
0xda5af7f928958af57299846c25f3c9bd0a24e49167c47dd0bd61510c3b024df8,
0xb5881f932a4e386fbc808635d5939132e4164e584856263b1a04a7a33de4f5e1,
0xa6da9df538abc51edfd7a06c6b1ebebe663c167c3e5848d3944d0807b6a81c21,
0xb2d5fd5420794b22eaab03f8a8fdfb51a76c709dbebb4759e7c124c57f51a77f,
0xbeeb4d741253d6939100c3793ab3a9d6fb5bf3feadc85503b7d0c541ed51925b,
0x6fa1b868b813a55f1199e7bc0df815e5770b8cdaca5b9fe25445197a3adce0dd,
0x93558c749c6cdbde6586c3368c16eeb06d877f0f2c1100de39fa53b4fd29eefb,
0xafb8546759b47608c8b5c211cdca2c7b66dd3575cf51b8f00a72f6faa37a134e,
0x2d08bf3396befb35960aa7f04d9b3d6955681659828d197c6b38686bbf8cad5f,
0x8ae1f821c59174d8dae52e30ff56bfc1bd98926eaf2ff842896ce02c9abc2387,
0x2de06f131b7c57a008f7ed3fe51c0c23f342db7818cf82812b96cf8c420ded74,
0x83092b4c1926b79457d0afb8594f6d5177eb99260c9d305eb6cec116f4e683e5,
0xa3f29562b9b1ad3c826079cbadb23659f9396d616cf6a749eacb7490dd6aaee5,
0xbb8b245b1bab3e8363ceea63ee6f9cdbf2f812fec72b0b2196fc9db67b0d680b,
0x10cd6226464b5cfbe28311f571f463b6f9515719bec07d58a8fac1da76a50489,
0x555212cea3d43511781a90e3ab4d19b7c722a301279bff60f8293a9a9a336ce0,
0x4bada71170fee04d7716b806ab499057f65de492c7e1c99306a320467e4a0d37,
0xab567060f4fd5575848ab9397f692f333864878ec73e34d42558d85f00d81ef1,
0x5b764ec45cd9dbaee63619a0008afd44232bf3caa35dbce4a94ed707b49fcfd7,
0x76f3a7992cca7cf12c01b7089323e4e3666d60424bf55251e3613c14a8d034a0,
0x4cac840fc1603f738a6bd7011aeb36ed4c63c34bc41e195e0bee374305c52978,
0x6b1d81467a97d73541986f0bd6c631972c847dbbda93ecc54499c5727e97066d,
0xf5d7fef0fead4443783effb67d8f6c6df8a0e13db34b47c8a1200777336249be,
0x86ba0d37420e34780136ef522219b3bac83adbde6b457c3d538c99de0dc110bb,
0xc3be29159a499cdb39f1cebf4e59e753bb6b1d73a1a9a204f6fcb69e0c2d60ea,
0x36a35cfb31c64d1f41476da2559b46b0d3b99a792f5fc8ce1089a1640c54ca95,
0xcd573600eff5b308922bf43082b8613ec373d166c87019a15b20a57709158751,
0x10f2675d9736eb972c914cdb2818bcf7b46b1b8da75a2da585210c1e202a6d1b,
0x9d7e246bedc43844645cfc27e59686fd198520421213feac8d58582cf2f8e3a4,
0x28558252669a6f946b0763ee7719c1d56746df11b44c5cd21353342f693edc51,
0x8ac7cc5287894306701ceeb2d004873ea21487d904f226fd849eca720fa2ef67,
0x8a0e652d74d39c7a754ba6b3aa680282a4af57f171d7a344d4bb5f478467277e,
0x64470d73c325be7f21679709d2c916a9e2ed3203753ffd19e02e53f36d31aea0,
0xd89fedb62f3178ea88711d46a314b1ae55d0665932e9a878118f932dc4ed43ea,
0xcd8fb01a0d34deaae0d771eb87d5b77637a4ed9fcbcde23d1ef476af0dfaeaec,
0xcdb1d306be0ca8f76b50da63e740c6052023fc2814f5e09e6dac483dfc3dca86,
0x6526556d9a23e547832902475247edd5a586b345af43c1329ff12b9deb3904c8,
0xf484ca7356227eb2ac2948f7327bd69c44c3c5420931ab2c8387500946f56212,
0xe08664e1d2a9eb3c97c335d1e2e118754c5ed6ee03c617286ce6a1736584b826,
0xeb0c01bbde4e9ed6ed954febce2b21cc0847ad7be3a7a81ff1d7731d5927cfba,
0x594d79f3218920bc8affb91f221b9d0ffb21d16dca92d1bd9d507f654555627a,
0xefd1121f7dabc2b0f8dc676f220536bf10487f31e9857256e33211606d1bc3b4,
0x6b704d7b3e6b647f6f71aed7b205bacf06e98d3dea86ccc338b02656f365aec2,
0xf26a8bcfe1675f70c0201f157cee9c2ea0a261c03bec26f7c8601db74c574d6a,
0x0df7c7f5acd3345873bd35c6d5dd85db60051bf84bee3577d10de899c65c1d9d,
0x8f20c6213d9413e1abe69da536f2770fbf18e889c76d20a29c3d7676e574fa6f,
0x4597fe5ad11bce005491c07c2478126741052afc4d1a6dc0ba85d3028e6dec49,
0xf9822db0df584cf6d10b2a48d0fa6a7d06ded1c1e760fe216ab4a9151a309256,
0xed7e93ddcd46da694a75daf464c1e98e012db6a9b7b7044a50b2891d8f2aa3bb,
0xbda7c9d47dbf441d722ef2eb4f48bce3937f9940d85c7eef68b29b0b8ca72dcf,
0xe7b160ed018940d0f2e22d688767621807fc06f61a9b2fc6cb44c0cee13eee9e,
0x42eb73cc72e0a96e296416cba610c9b63f2280207c3f59298013fb4429ea2d8a,
0x30cc12a765ed7de67b73e2fd26a0ad01247f1cd12aee978e1b25acdb76b4950d,
0xda924854de5b006ef0967547fc87a70b36ab4dcc96947bd27744c87dd6eedc7c,
0xa52142b2439189e4bc7569c971be61ec5b3de925e0b313ad3bd0d30a7ce05654,
0x9471b9a2a57482913b31abb03f83543f005a4bbf99498d4fc68798bd3fe11b0f,
0xf2326732d692232fedbf884b1fd5fe8313f4091bdc24f456a8b3a19d0888d2ba,
0xd535238dde8ab73e5eec86ef215570551681c5b623ff11201c339ef5e388f6c3,
0x0845b695fe6b115854f315bd91d924287828aeb6c5272737c5eb012d3c5b8ed4,
0x57a1b69ebce01db110248e2335be0ad98255e88b96cdaf15cb976373b76f0ccb,
0xc389b2e28a0f9a6194d900a09253b7eacf4c4904790d93c932f11afd75206c60,
0x7c32897abcc844021263be3023fafb6f634a0f6ff7e3e0c3e1ee9402af6629c8,
0x1fdd8ef0c0ab0d05e0c946a7dfea7a74b403fd598d4aa5e7cf3451243ced9ea7,
0xa3746f819311c453b4a3c513209b97b16987ff5bf3e56e14571ab928e8480dbb,
0x6779b37956c120fafb5916970525d5d01232d441e2517a54b4d4f0b7301ebf4d,
0x1577fb1fa107d845c928fbda5272ba02b3dbe19cbc180537b5e8bf9eb67eb6fb,
0x023be501c7b4549dd1e75e94bf0717f928fd08a5a42d7278993c4cee92e3bbcc,
0xeaecd8b7c796582aeb524ec5589f67799db454c23e77270830ae03eba537cf1a,
0x58289f5aad6ef2f7cf296aa41be327dc114b53c28f783a1c56a058972ef0455e,
0x510e9182fc9b39de7b6bd02c0e6237d33660b7765a240f4cde0787b98867c4b6,
0xb30201ed0bb881d7bc414cc9de4cde3524d688eb5e1a7af0a88bebf625aec575,
0x37637a998ce28c21a9702d2f830a38986f8fba241b662e56962fe898a8bf216d,
0xb212ec6a220eb2583e740d144b4bd6219dc7c954464ca16d882db2224c0f15e3,
0xd807c688c1a8e1b5c2d6a5f5ff54ac17c9a1b9cea82c6c1bf18d259ee431ea0f,
0x08d4d090b5f67163e711dd1dcfb21fc001b8aa0d34602e4f7b2402187cb5af3a,
0x736d8dcecad42b3e5a5ce344cecda52e0719c28267f044d6aac86dad669e266a,
0xc5c3bf76de1811e3fa6bee5c49f0775c6866226a405a4b7ef768d21082821009,
0x0bd81384ffee53b114be06e8961334c942bd0e001679e717ad21e460d8f516c1,
0x9aeb113dacfbbacfe600cc035a3d5810664493cb25f46aa3c9c3a6517b851f9a,
0xea676ee8b95cc96d47b84610c8c71584f240ea7673ef5bbfc16aedd975890764,
0xd0d0a9dff17b85a83b6dd67e7ef4a605b4cbb3b5e2bd904f61e0f21f94010c0f,
0xfb1c6e879d44d1fc94e5c1dc1c0f9cdcab020a39d0631cfaa779c97caebcde70,
0x6e23bf95fe4fea7d1ba8ffe8dc8ba9b14b9d671c488127dc32f1b299091fb6cf,
0xf92349d5207ffc63a21729e32ecfcfa5831a8eceb814287f1eafc25bec034eda,
0xd948e1d017a082f01e3752afce4fd6c2924c67fed72156be1887d8a92bbfdfe4,
0x88500fe51fc9ccc015bf6d310e0df28efc268c41d505633f725308229a15b876,
0x24285c6f149d3040519659a35696fc4c8da0fc78c1d941fe7730a946c4e5d10b,
0xd70e203b1458999e5493db74508dd6e83ccb580eaec3664ddabf48d196af2e54,
0x1d1bae2789486b791e446f1b2aad425690738e51cc90827492d695eb0503f190,
0x292968cd1657529e2965b131f355958e01c6872f9a5f12e93a79d72a171e0037,
0x91dda26557db5ab99f0b590fbb73a239c3af6969cef3cbe669f2ff4f3cdb2365,
0xdcf4d4c4773eff3dd75dce9caf6f56b808b08865edf25595f9e5361c58852a9d,
0x4a3308f5bfacd5b184aa441e0b541f47353255066c1f3c7a5de75e4f95533a20,
0xec1685415a9a6813c1982c6f69be2d453849c6e47c2963e4e53111cbe4588a6a,
0x9194915ef5de609b57d6f0a433fd4fe122a1588191cd49066b73cd4764143af5,
0xec34e48fc7173291bc140487b34fe4ed14c2000dace6177c7990961c374ec888,
0x40d46f9bc8d74002ac472d5bb7537e85d627b1acdea8e93d00202784d938ea26,
0xb7b3400345fce6a7a7329440372d4e7a227094b0a4faa53eace8771f3e2736a9,
0x3d0820781123a893cad0d8cab783c4f272e7f80f54bd637c1440aa4c05c6b249,
0x9c5017a758a41ad366aacde1d67bd35e946fd2565867d8d27560e547776913e0,
0xa73b5f1cc8e1951c37978d0b5fb09b1db90043b72a9daaa4920b92a858d0de0e,
0x94ab8e36c2a4363fd2ee0b2b46f928bfd35149e92919ea52f780c70155e7acfc,
0x0e718eefdfe9ef43054418838cce69a618c2d7ac289cc084be89844ea5a022ec,
0xfb51a12a8cd1d387628742600bfe917b4bc3d50901756fa35dfacad96d59f5a4,
0x9c44fd84b3dad3a8452cbb3f16756ee936d505ddff1c24e9ca9f1b2b119397ff,
0x4b4e2e426fc9bf7e9e83646f91e3c472e9d53904b794b350ae224be433522852,
0xc4036489d2b01876d8734f0949bcb375ce9d570b8a8e815dfaf4b6a0d67de96f,
0xc145191998acf9e32e20165bcfefffc35049c474fdbc966f307ccdb9a6a6b721,
0x8b21afecd52382a83fc6aeaa578122021087c6d29973dce70af4c5f3069035ba,
0x4f06a41e46272a21c94dabdb3788c73ff03caaec99c9a92bf78a7b9bb3d91252,
0x81af0895a37f55b10707c5c7c6a40f1368f82debcbba24b42684bd70c3325321,
0x4758bc9cc33e0c5d6b63f62c6d0b9e6eb7e67f219f6dc3499a4721cee3888936,
0x8c23e676bafca9550e7002c1459aeb203d197241820ce952927b6c6cdcd3f5a3,
0x14b44ed5e4b6bafdad7b9e0e5b722025ae5e94b5188ff4f83af5ee1343d2834c,
0x91dbed5f11b48896a0b89d82c8f206014b367487f8b4bfeae5a3327572933197,
0x324ecb11dfe6d043b3e2110071626f43ef7f85d4a5fd18246ee0f942a0874f1d,
0x413815f9599c2ea47349c6c2c1595e8a78000c2d537de5306a400be8a20f59bd,
0xe65360e2d84a6e0ba877fff99e3a63871a7ece6bf082714a2e824afca1a43fb7,
0xf2226572ff90bf2148193e6e6c39ded7dd739ee5954ad7a67ae8af8b8c426f22,
0xebac3c7d5d7659d62499aa785a56f9a2f6f4749f674bb46e94216c498ea9eb52,
0x0f3dbdb1237d5e801f956c2b069676826c326c5a5c69e35bf532555a43f828d9,
0xb9d5922535401f6553c86a0483f780758e2ffd2fca1b2e11cb5717f39f0e388f,
0xa0e5acef27a44b9292a107ad0857a2a033a691c9c8916b278dfe2c561f2ca106,
0x318b29f253568222d975d79ed3d6248a54a1a77edc0b1326aa604a6453381214,
0x0c544bd82438b3f6d1adff7699d92c461fb0ff2a12b62eb54c99dad74eb19821,
0x19e2086f7636458657434b3aeef3bd3e5e0d7d862e19fe07a56f25f37e70ba8e,
0x884f0c8b3d979b4c91c4e486b97c5eda0d93e38741aea0885559c794d40d6616,
0x28900fdeeca702d9c580d7fb507c099c46dcf21f80ca5d1b1afedcb10a1db868,
0x3c668fc3354461211a3768f36601830bdcecee2bcb843d5425457cfbf4d03378,
0xc79c6d765765ad50260beffdb3ef12001c2ab1e1153467da8367177f15bd0fda,
0x47aef8581e232d4b314a7eebf6ae74e04f1a1988635205d01460ddbba8915176,
0xc390a4cc42f5ec83f886fb115405bca0624845f8ffdeee49f2e7b1ababa568a3,
0xcc92194bf0b81ece78a353a5d7a6c93fc73ea7f61bef83576b8450750a3db7ce,
0x6b14925f44bdcb29396b4045a4eecc97cfb225bee926906271089440ed84ffd9,
0xed74a3583df27b7d095fe9458cd59b4af48141e841d17941182af3b89bbc5608,
0xd26899c629206cd1e5f95092fc8fd006e08acf598a69155c2b78855e438d65c2,
0x66b8233db6da19a30e3c6f7bb6815901a303ab7c71fcd71efc1f4c20dbc08ee6,
0x6f0cace0bc575fd1f4c2c156f6789b01e5040f8c44fdb1962a06ce8f36117cf0,
0x84a3394e8b913ccb6cb8ba93660b8c0baf529f3d92d058744082c103e6400588,
0x55571c0e7cedff4ca12dc7a70f54a651d9d908731da1651d378877f9f5a77d04,
0xbb686330b70cee7bb2e88637579dc7b5c37bc275eade2f293a1d217999831ca1,
0x98971cbb377cd8c5a59ccafd4e2e6fe43ffd3e031df7bb2e93835514976727a2,
0x8addd92d6fd9af13a6500f2cf1b599ee528f3f3bed3790d62c869100719447ff,
0xb52e037c4185707c9be6a6b82b87101f5f3196f89b50f8d7780aaf8eee3be072,
0xd537a85cd48afa4f6f1eb3991532e57d005848f5e3158a6338f9930e4ddbf7f1,
0x8e3e844d36fc96e7c4e0cb4ff0acd1d0def43a452fc53c201a082e20b405af2a,
0x2bc375b628849c77e908432a57439da4b60b6be4642d7529e5777e89f7ca85e9,
0xb0be1d8730334b1c70f9f41e73f7f3a43c636e95e05c2b8c2689ddb4c4f532b3,
0xb5cf871679284ed208d6f58a17f0b1b5e6c0b6262e68e87c4eebe6dbf95b08e1,
0x5f452800dae9ae1a1ce711d13d593c14c4d470b0f0f1d3f2ac19c237026d8c63,
0x70235ce4b60d34ce283f0a06fcc78327c311128ca4bbffba85dbb815713f630e,
0x64ee85f6c534509de4a1608e55c7ebc784c32bead3302885c377dbfc6fbbf678,
0x073c2ec80241f1485be374749f4ab581074d600150d59e66bb2bbd39881479ff,
0xdbbbd7e3258299dc9b2044018bf218bd703547d4b5483b2f93403b12527637f4,
0x3485a789067496ab7f27a222bee2f777bc8a637522eb5c593c77d23955bf28f4,
0xc4c69b0d1f98c2124a31dd3aca79254e704a3f22c1e5fcafb82c0adcd228cd24,
0xa5ca09209e89210991eb4e960d96ad96c09d3082a25c6ada31227c86525e95cd,
0x402cfbc663d829b66d0d93d95349b90501342d074fe555ccb05f58c972830556,
0xc7d7a3fd4fc80013b26364d2ffb4465cc1cdd3f428b918f7b310096c3a397158,
0xd3989e995ab338e66eb2e68ab7201ddc3b2cac13570b9d77361f4ff6cee7f76b,
0x9c43b4b784b09fc80010b0c5e89a37c879d4e4859c8c872bc8d2d07f015a2bf8,
0xe891c98a585a55103c4660cf26c6ac8de1e358a6f287dc4d4bf103e4dceb72a8,
0x1cf65780b95a83d2cc064887ef9ea63710698b307bec850fb7427d4387d839a4,
0x9774ca9d39d75c6831b657215f4d9b75f403687d6537e2403846d7f4760e27db,
0x28582723a574524959355c671f3ecb4185e426230c716ae9bb1f1046ddb6a32f,
0xc11237b977418c705d2b06da702566cbfab6ece8e4139395f03c66a91899af6f,
0x59c5bfdd5a015896f15d5996157c30ea6a8773d4c4a5d7d5dd736de7f3b08d9f,
0x6ea4f2c1a041cf23e66b03ed256524e2ddeafc64e2fee23a14c6116e84dd1573,
0x4335605c830188b55e82576611194df8d51c4cf67dca49f3776c8b009012a606,
0x03892e38e17fc86c5856e5a0c1cfd127b1f3b3bfffb3fb5666ced3526f00deed,
0xeaeb25453962518affa7a679cf41aa14f12d544167e27dfbdaf988315e3140d7,
0x6eb422f7b4dd331fa75fbea32958fdeb4881b8343683982645cde25f6a63ff2c,
0x5f11e08708c8f1ef435c28cd1e2cbd2209d570e8b3eb071c8a329a3bd12b2159,
0x44dc4c6ceda05cc17fb9531a95648829c087ad4c1984c9159d96b757b905ad21,
0xcbb5d88b293666e6d5946d90e7760b3640143d673e3cdf87e7305291da713daa,
0xb5db05c8ce96c1308bead5ff11371b98fd67d6c6ece52d8bec269f5dcd7ba290,
0xbc0e49bcbd3e915ff15e04c107565cb173b11849807efc865205311ab6f9fd34,
0x43b14fa733261c8df9ac0cfe2f12ccf6038de782f4c20f163eda9f1b0bec27f4,
0x937ee1d6955757f82220cf4e128fce812acfbe2ff12d5abd853cbe30949963be,
0x640a2360030536ea9ec8160a5b95a7a73eed7a760b192fbe0ea572f44d9d48bf,
0x660b91e4b708659e45605193aa46c2e436b0b6ef42aa97c9ff456d5599922425,
0x1c65a9f6928847de03e5b97324d22123f8cd42ef137833388c45cfc8ad5bca51,
0x0f89ed906f3f15f3465a9a5b3f80a2de61833a6ea3efb8b20119a738d0f3e8cd,
0x720281bb195d6199fa6afc92c26374ed2cc25c18e0dc048d63d07847e2132199,
0xb925c6c7279f8c110f6c8dee184e6cac555c1ffb6c125ef843784132b1ebc70b,
0x62c9fce57605ab1472ce56ae11b683e423bfce9503841bd9910ebd77d2f7890f,
0xab0b52628a8a114c15b877e3c6c4fba4ac33d42fe1611bdc569cee1284c6f1b4,
0x3254683977f070e6951a73746890bb33a5eed4ffefdf6cd33cf68e51164eb473,
0x77dddb5b95d137c0ef88c20fafd7929d44dd00f05c7a6bd7413b30732bbb5694,
0x1176adffaa8549e82149db55abbf0686b3b15935129f6b257566bcd8afe24934,
0xca014d6791831da854ddd32d47e6bd4cf5790b855ddc2005ffe9e2f557b22aeb,
0xdb312150c2dee5d257b846b4c67516c08d5b65fd9a80120a8f33deb195a4e4d6,
0x1e6dde5665415e3e4c042912c5370fdf8f37de4a1cf338d137a3ed87f7689758,
0xe4e7952302c0c4374224f53345f60387f6e5b38045189dccb7aeb44c0134d28a,
0xa7d1124b77775d34f628077e8108cb35fae63cd269228495e0489f187f388d33,
0xeb093381b8ae90878d33c6eaa11b92f2ed08263ede09de24c65b7c61cae0446e,
0xd0e255b890dbd2bd4b1d04dc042cbad39bf3285261920b67e329e98086f8f77b,
0x6d446f3a573ce8dc2c3c21357c2434b9c784efdc0b77a02396d8cfc68803d8cd,
0x98f94a9b047dec889a87b72360bd396d46fb2d231b122fae2d0e0223ad654d70,
0xb8817e7af22892c02e857c2ff996f5e23bc824773ea3e93b206be6ebf5089acd,
0x82dca46d839fdc80873dab9bfddbf3f83f33f3abec941583abd1ae7f363345f1,
0x714a0b615a50b36e6ca9e2435fcc3acb2fbf5c899b9198b00cb4770fdea57fbc,
0x58c53eec2f01749d2305b0170489aaf22e96ae6768fe336f557a40948a322bed,
0x8d5a41ff598a5c2582062baf3140e6003ed8d38c414e028ce746e82c838d669f,
0xe2450f737f16617002a1b3195e65064f1a3b30cde644eca848c197641de0f585,
0xa837f1f2542ae9f9c0399493e6d51146871ffefd0548dbe60aecb636777926f7,
0x29aba3a50074ab4c20ade9ff9a4e6afe2e69603494dd02b65707147e75471280,
0x94549f9f6bf101485f19b31b4722077fb4453c6dc1fd59f2c1a64d4091a4b9d1,
0x841f7a1bfb3e8bb85019ba5b63ee1eda9512037894942e616618736f50ea3969,
0xa30e0ed9b41cc53713cc8d9d9a0e8e1a32169e577effa91bb08b35b022cb928a,
0x510fabfc6bb32f49cc838beda40c39d2ec98fd31bf3d9674a77a93bd75d70877,
0xb31fb58ea989e555f95539e78c278b35058dabd3b99a46f9cd5046e3d4e108da,
0x893a66ac95816a7520ba5e0c64a39da22f2234f9d5c148c3c13aad26671ba646,
0x32f954dd9db6dbb11cc02882abe0d6f69cfff266792b2519168e0695df9ca40d,
0xdcf48befd5cfe49d97fc9a8f355fe80a3c19df9cacdcb1c1c4419a98fef6d020,
0xa3bfc1fd99c7853ae54af771af7f2f90935ed8e19c91bcbecd61579370b8ae98,
0x9ac3899afa8cb0fec95dde22bf00132a24b0d5e186f20e58742109d6e3366581,
0x96aab551790258dd6ae84a8e61d8c161b893a54502dcc3ffbcde259645e765bd,
0xea7fdb42613e1c584e8db1e06bfe0e19c0b9c6b9f73f2fdc8ccdba7ca8fb5f99,
0x97c02c4064e9fdfe64ae5f348554040e99d1498f5944cbac57fee1ac8e1645d5,
0xacb337b9c2a118538f3e7030f78ea338a4ed4eaf6a2bb4419e883e3aab1b20d8,
0xe7e6326f18f30ca17ec5e5b361e9095bd83f071f5904bde2cdbddb869fdb14ac,
0x60bf8cdc739c6885f5459fb36d4e98afda7315ea4d61a4636c9de7beaa2f8ec9,
0xcd6d98a38700e7bca8e2184b635d9e13bcdfb02535d15419fdf4892768fd1cde,
0xcaa5525360cdd8b93a9b952b82f994d6a1bc2e649fb2f25abfb95b035c123307,
0xcf3bc13d682f197cca07340f2998de868b081674b2aaf3f490fb9f5e20c65de9,
0xd2d450cad698f164e268ef45e126a3c43d59081ced8276537ecd3409234a516d,
0x2c6a2e28f48a9dbb15ae6f19749ac717d158891d4a986eca456454c594e0a98d,
0xdd790ddd5c7916d9e5a815f9cd5fb5f9c57033b865f9604c4649805560d98635,
0x869bf90475c52641a5c5e275b7cbb0d03008b8976666aaef9da5539e048357ff,
0xb52686196d933682fe13b0cbb75079020de096f5cce1361c3d32adc1c92f47ef,
0x14c45db78331b37abc773df2c8391af22fe699655ef95b42df69471d0a889dd7,
0x0241eec2a7779cd4081a42cc97c0993a6049ffd44d445737497a571f26842a10,
0x195a0384ab6722312548a7c253f226494c30030490a6abea69689a8f421acd1a,
0xad1d85ec66ec9e1abb59808022e1567898a522874890af7d2cb670a9c78ceb58,
0x57f07b7bd0423783da1c242dcfaa36bc6b93bd1475e3a2be89be41bde17b006a,
0x82d40a661b74f71b8d159f3b6262241c6976a6fb551d6a581209e46065b9f02c,
0xa6b8a4faadc1720647d846b94f4ad033f228366b1fae544554572e14aba86887,
0x78fa021341bf97abd4586924d5b4d30c71483335b0dc46e0775cf89bbb2cc794,
0xe6b042641cd30ae1b2610449dc144cd3414d2e7cb5b0d075ec0249d9fbd22d0b,
0x27e2aff8693bac54b212bd0e417892bf595f9ef408b2bcba8da81c307a85f97d,
0x120d4d3495723ceac0f6317d21cb657c195ba47a1f57ba7fe12d772b2ace102e,
0xd1f4ff28351f93dbe32840a7295d9443096369fac2282d549420a31c9ee871e8,
0x893a65b1dcb3c241c5a988b302f2d28a2c9786b3d133fce9e47f122cdab732d4,
0x5d51cad51ad7ce37836d7ac956d1ea1c2926fbe7ebd31ac9f123524d0b9290f1,
0x2b629b9d876d33193229fe46f480852a49572f5895574a949ec77160ad683878,
0xcee867ced7657a03090aeb7b19e59cfd6a31c36567b80faf543e82bbe61a7efd,
0x6421251c246b9f2867c9b56c76b0022abf82eaa9f7595f07b877526d1f67e8b1,
0x7554a3604831157801983c5625c868f5fb12b071d60dc1aaaa173924fa3740e5,
0xdd87284d2c525fccb5e501db03a242c3eb3b822ab228acbc7a4dcc5899cf5777,
0x8b242290d6172bbd7ec6c054bc699e9b44dcd62c60031697cf91ddc8124928fe,
0x7813cb3e356679b32cd2c3165156a7550cf1361561c92610603741e71e536554,
0x24b9f9f878529df448947ecef773b490f3c97ac530c7e6a2204adc396af49220,
0x92b6369f62aad2b2fd529b70747cafba174517b4dea1219e40ab710085be5ce3,
0x82ce4ac35a6bf4730684770732ece47d3a2ed7597efa1559fdedb78c2566db9d,
0xd4e4cf517ff0b32dac00c9ab3cf4a9eb400ab077948f1d5dcd3aa5a2dff03ad7,
0x1632ca76497a3f98340f9d5db678284b80635ee86672ffb5af514f228bfd2c0b,
0x768482aa3cb9277070c0d39dd5d5c0e9e6aeafac75a7e997c8fd428b81eaf573,
0x8255c121f814183e50b09f3cbdd7d631512044f02c7c4cb8c587d825750faa13,
0x959f91b9d84667c85e2a453fa1c5a8099cb2a62037c9a5e412b9c09409fdb24d,
0x586947e4a2992a0deb5c6c41d06f80e66926e70bd24f4add1a93f9280446995d,
0x6ab01784e9e364735b4b1573f9bc935a1992b315a08cf1d41625b61251732c49,
0x9f791bf8ee78eda716d03c439081876da20e47b886d8400bb9dee54a567bb8e2,
0x396d26935699f3f4e2cb0a6ad767102eddacd2d5120b925690defbc9508a7dbf,
0x664f6aedd1e6efd02d7de5a31d39a8875dc592a11d2fd58e87237f2a787e3fd5,
0x7b73a0b25e61aa7e9d97e22cd58d0b2afb2bbcfbce2b7c5764833dcd539ba2b3,
0x0f1e62d8f9cc8c99456419a3a76ff51fd513e2a390a6dd3957622e19f9dfff4b,
0x11f457586aaaaec1ba19a44151dbaf63f2185b1b0126cec92cbd07e491fac666,
0xf2ae9c8d34904a0607bb4e565fe4a82b1fda1e52284826fefd1ea5c2015c36d5,
0xada8bd7beb40ee14831c6ce3831c38fe017887e994514723055fd766a1a5240a,
0x21dc052505dec8de49a55ae1638047463193e639f27ca5cac427c4bb0fab329e,
0x4fb65485095050263ec64a29b0ddcc625fc713be40674e42f329ff0c487fc954,
0x17f13b7b7ac5182a002c056c60fcb12d704ca6de3a5c852506114bd95a7c7329,
0xff64a0eafe8ddd57af2efc8a568d624ca3226f42df1249b6f471f1c5f605bbe4,
0x7364aa7a02ace27297dedccfccdbe30d0c729101e64c880f5e05709921c62eb5,
0xb7bbeb869168edf0e90d3cfd5551577395e7ec93b424b8e0f8edee35ec93e081,
0x10303a6f7a6863fd0ddb6cd30fafa04738905584847e5a8986f98b8f433ce929,
0x8b03dc476e94cd44eae53936e8e8103286a266bcc39fbe15a567f1846a509293,
0x1206c27199eed18ce764f194ff614e487caf9cdf1e41f909469a9ff82ef63fdb,
0xede4752cbb59c73e32ab158eb25f081dffc3af1237a35b63851125ffc17fadbe,
0xa66f9d7cc70ee2001be21e16a4acf6c52c07d30ad84dc460965602e4d64d9bcd,
0x9b33ab74ba14b45cb378ad4308a65718aadc899c5f8e65955e695345ee6afcee,
0x83806d0b16394f8e9d4e43ac03d90abe601d1081fc6b0116e9e27ee6eeb3d03f,
0xbc2589ab8edd86fe0cd0e2e9ef76af9e648d41024be781f67273b029e68fbb2b,
0x38f067a6102c188a101c7f21630aeebe539495061db57d3d43d3a69e79990908,
0x3303e6b04bda91c3ce4d8eecf94680eed0962e6831581a0a8a9f89741ff87a25,
0x27dfe0de4729413bb6476c2323328e025c4c4dfb943e8f56eaccde51a427304c,
0x82e9a083ecc4bb8a453220bc8287a71698aac7ace5f27b49e59f3b6ea7644e9c,
0x1abfac7fb44116d99c3ee3c2560a6d9ec239be984ab591c83d2d1712a6fc9924,
0xb58ee00db4a831d7f30c99eeddc83bc4dcef5a9a2893bf0ed6089d054096f70e,
0xc2d4c77627da6faa52aa630ddfa1d442275c04e3908d6781d5c9d1678a7ee82a,
0x6a959dc09d20a86f465ef656073269ca3d6c68df3439fbc968f8944fb3c514ca,
0x482d683b876c515d1e39514e07e2c1872187f1907c1c8b3d8ae866b86e7cb593,
0x087decea92c2786f995c85eada2549bd0019f9c12af1969bcd071d10847345e2,
0x9779626a83a53436cfba76e9cbaccf35460fac18f27e885566c7ad9521d781c6,
0x3636676b3da36027960fd7c5fe11733f1cdbfcdd4cd600a37ca0176caac2e0ec,
0xd8c90e402028bf622464110e88bdd811a96df75379145742482a8415adc0064f,
0x3c2637eed21572e290d8f89b5a3f75f2cf1957c3a9188cbcd1e8941a85277174,
0x5186375d85ec6c0b1c6a70eea08cd6bc8113c8583c6e39be1f1e34035d5281af,
0xeee00ba3b81ea1bced509ccdc7d1bccbe15268b1f999f0503aad056a3767f5b8,
0x663331b3f3fee43c6a711f250d185f51d75d72e99dfb9486fcb214870fda2a2b,
0xfa03c2e389db16bf426c46c097f241b5160675a2bf7fa369c018b2e55cadba99,
0x815b053a8317e52b6f2851ce9547d844572ab3b607006d770e9ddfead52c3100,
0x3a67fd27a06c2a12f6904044c489ad607596f6c18dd092a589a5f8e7add69970,
0xdf85fe25e327e1ff4983e7304577cc4c3af73b3b91e51f5f85bcb5719a343cbe,
0x771ec2afa3d3d4bde48de50ccfbd52729e5a8de1eb18575bd27b2d0ad8709851,
0xb39bd06de691ec141592369bfd1ff803cd303ded9ade36ee729b93954527eae6,
0x2d8fc09dc9b36e9c083f0b844995423c3487c4cb36696e42828aa275b9ccb470,
0x04bebbe4cd4b0b6c48173ce238ab8a7603029c62b116ff7a60d1d9aa34802d08,
0xe30c0587c79a394b6822f9c463af7912cfd8c27aeb8aa8b86e44e1fb690adee3,
0x1d4d93789d1d30f2a44021e4140e5ba8dd4b3a2875507284dd0549b744d65c06,